indicator,K,delta_K,r,delta_r,I0,delta_I0
checked_in,65.2638718974042,14.94546619558874,0.3839506385510531,0.04372735783631623,0.01792259709161465,0.01792259709161465
intensive_care,48.94950738240476,22.980086311472952,0.2983344783230822,0.04222321880939086,0.048406312191710606,0.048406312191710606
total_admitted,115.6762452047616,17.833061113328295,0.3440828888432319,0.021031329098355388,0.05771839332642613,0.05771839332642613
home_isolation,481.6931631119809,231.67282314392125,0.2657228037824006,0.023728027807086747,0.5627527377095446,0.5627527377095446
currently_positive,568.2005187303492,166.83419595130906,0.2851271465227869,0.01967615942840281,0.5632311944612792,0.5632311944612792
new_positives,35.591171879730126,8.592470861090733,0.4842078147300506,0.18453134164237878,0.007042631819741769,0.007042631819741769
recovered,69892.70431674116,765067002.8732183,0.23792604217556235,0.09034308212420157,0.025151402401668233,0.025151402401668233
deceased,137705.67904913594,18608122673.776352,0.25536517026708766,0.16720766114359806,0.004694360397281405,0.004694360397281405
