indicator,K,delta_K,r,delta_r,I0,delta_I0
checked_in,4.082310571134972,0.28976068328745963,0.9999999999999999,0.528886298044081,0.0012839938860085835,0.0012839938860085835
intensive_care,5.102398034260615,0.7769649560367001,0.31905347146969754,0.07567032714188021,0.03924010939743934,0.03924010939743934
total_admitted,8.903497398727673,0.7351805947142087,0.35486467806583993,0.07911730284133256,0.1450927968353552,0.1450927968353552
home_isolation,8.752807540252276,0.3169667045333231,0.9999999999999999,0.2423549248298352,0.00027569240797258824,0.00027569240797258824
currently_positive,16.331854941090363,0.35646176711517064,0.893860994041665,0.12226253593128363,0.0017106935745292782,0.0017106935745292782
new_positives,1.2194601116611437,0.4704069984815805,0.9998861918739371,3.060070854876288,0.0018929658287567283,0.0018929658287567283
recovered,10.16915814969249,12.282062286881436,0.9431327435014613,0.16422758680742458,1.2058886679618886e-08,1.2058886679618886e-08
deceased,141280.7336621773,2.994282601926087e-12,0.6931973525757239,0.1443277596265256,2.7578188496789883e-07,2.7578188496789883e-07
