indicator,K,delta_K,r,delta_r,I0,delta_I0
checked_in,202.46408856914908,19.879651897301795,0.3926267357993342,0.03249997132038349,0.09763800436652167,0.09763800436652167
intensive_care,599999.9946779542,37989328426.1178,0.19834986647940095,0.11578652158078653,0.1380343102702055,0.1380343102702055
total_admitted,259.2327152251613,39.051359025868045,0.3428348168011525,0.030656797043838266,0.22642989424086432,0.22642989424086432
home_isolation,599999.9999753425,735524385.9878317,0.27454982172716297,0.041578981843978007,0.34075348432196606,0.34075348432196606
currently_positive,1546.4923522296572,1433.652721459253,0.27040208544702665,0.03007021356746472,1.0088247508105994,1.0088247508105994
new_positives,599999.9997267791,7217800415.269053,0.30325489136083683,0.2501947922028544,0.1000104761467361,0.1000104761467361
recovered,2.3977875596219276,0.5822053491793402,0.28079337253923015,0.10715745371061461,0.04346379900159904,0.04346379900159904
deceased,490413.43385063444,5697150666.293873,0.2471396371565096,0.059518709701078434,0.08591759235720749,0.08591759235720749
