indicator,K,delta_K,r,delta_r,I0,delta_I0
checked_in,2903.8777619432335,484.4367896847006,0.19037758825220116,0.013540692872300288,47.5075765267624,47.5075765267624
intensive_care,384.9697342599157,72.18467817093264,0.20420841316669666,0.018331399669839005,5.417028619998074,5.417028619998074
total_admitted,3288.3398238885193,541.8026218386717,0.19201180944447105,0.013677786324560489,52.85949029880971,52.85949029880971
home_isolation,3695.287873870336,684.7657151342405,0.19115023363165817,0.011826958955184071,44.12975221003935,44.12975221003935
currently_positive,7003.676995822037,1083.3157525970732,0.19062134984275325,0.011102800504990898,97.81515524056519,97.81515524056519
new_positives,782.2269730172599,602.8747412362097,0.14622925248927987,0.041717558843074196,26.967549508405746,26.967549508405746
recovered,599999.9980630078,1173364972.680374,0.2084492842338628,0.04184212632375831,1.2290065361613987,1.2290065361613987
deceased,762.6270029196161,68.61056055738742,0.2934079282121325,0.01142044677709775,1.3147857980033244,1.3147857980033244
