indicator,K,delta_K,r,delta_r,I0,delta_I0
checked_in,261.34243918843435,183.68614710431999,0.24951248414287153,0.04246040357126068,0.5918212854641579,0.5918212854641579
intensive_care,164470.38337622533,438613584.57218504,0.262309706582892,0.08598036974783556,0.12198840619892372,0.12198840619892372
total_admitted,241.4542285316481,65.55234916331158,0.3092075819155882,0.037299729150398225,0.30297747350919135,0.30297747350919135
home_isolation,599999.9999962737,1948044787.0379214,0.3378625134635167,0.08280680307221001,0.051050929848273426,0.051050929848273426
currently_positive,892.2537101743874,516.9558630893032,0.2864773919354034,0.024796720243126923,0.5165541783126935,0.5165541783126935
new_positives,599999.110334048,8876864662.860262,0.2502926473574424,0.15380920060941844,0.19643157000945854,0.19643157000945854
recovered,112687.79218728804,1216644504.8539293,0.2669060756285557,0.11111365649337336,0.02367830029758614,0.02367830029758614
deceased,76236.35755501631,383762515.4113564,0.3100212530943449,0.0630466864493659,0.00643964262921915,0.00643964262921915
