indicator,K,delta_K,r,delta_r,I0,delta_I0
checked_in,112.95295299817455,11.77245800676529,0.4609767105453564,0.06189931348077831,0.024687619187399177,0.024687619187399177
intensive_care,27.13739614353027,3.004618091925005,0.5885050447224471,0.0808516210948536,0.00031822923347164274,0.00031822923347164274
total_admitted,147.8055492831791,14.071803365157187,0.44606784288837276,0.0468687370394754,0.03384087991624259,0.03384087991624259
home_isolation,284.6608059375492,24.633334896834956,0.9492834847910138,0.20480979580650754,5.971310733251987e-06,5.971310733251987e-06
currently_positive,438.78818248850905,36.79783978732628,0.6527019560380575,0.09116174187335754,0.0022544641732392024,0.0022544641732392024
new_positives,52.9601209931464,18.04004233948683,0.9999999999999999,1.4727874576818234,6.615981700944507e-06,6.615981700944507e-06
recovered,88849.88073014785,589576841.4952902,0.2528445798472086,0.08909847736962792,0.035131068664627195,0.035131068664627195
deceased,7.549235716394471,0.5705141596201746,0.9999999710184702,0.06806168727244298,3.107052829048511e-08,3.107052829048511e-08
