indicator,K,delta_K,r,delta_r,I0,delta_I0
checked_in,599999.999937686,4702941444.087538,0.40921297497203113,0.10336222210253224,0.004483319369086983,0.004483319369086983
intensive_care,568520.380828468,3.338692990580987e-13,0.49911909912691804,0.06522400554578632,0.00011079877516620333,0.00011079877516620333
total_admitted,339245.51031950524,1192014496.513483,0.39173392747980224,0.08987154756195209,0.007563089118887113,0.007563089118887113
home_isolation,599999.9999999594,1093388558.570354,0.32255915072734903,0.04757949452183191,0.07688224531909729,0.07688224531909729
currently_positive,599999.9999677996,747884188.494917,0.35452305928336286,0.052800437354073804,0.05584569826235171,0.05584569826235171
new_positives,257272.5524703974,1907193303.8024848,0.3517054434024751,0.21528913915069078,0.017614931412782836,0.017614931412782836
recovered,0.005767120581892218,26947105.827124808,1.5107284411110474e-08,0.14026377278735705,1.1100869662430754e-05,1.1100869662430754e-05
deceased,162632.9646289282,9564242739.495653,0.253242330417623,0.10402307560136217,0.008380376767301604,0.008380376767301604
