indicator,K,delta_K,r,delta_r,I0,delta_I0
checked_in,847.6066266994851,114.56905346506309,0.22625718506906212,0.018610401004413385,10.17338528241895,10.17338528241895
intensive_care,431.18231529410997,80.00802354514902,0.19432711040353495,0.010282488804039668,3.988286196458759,3.988286196458759
total_admitted,1211.3645997448034,147.41424748469151,0.2179480580424276,0.013883724478260398,14.215968367834318,14.215968367834318
home_isolation,8817.194004938747,7070.081353914457,0.18238640525603253,0.018313367640592444,42.25524532310937,42.25524532310937
currently_positive,7973.253481133456,2566.606611794151,0.18959535143235456,0.01293527835153119,58.17223649189936,58.17223649189936
new_positives,289.2249413463356,62.76683856946732,0.3660936084205607,0.1537271491629718,1.3143026383816185,1.3143026383816185
recovered,179.47243301917544,19.858416972497547,0.33701402360689026,0.03741819390420496,0.3981455990498343,0.3981455990498343
deceased,162.51461023866918,26.81965058266154,0.24410131582592254,0.01582628302667094,0.7415142370605565,0.7415142370605565
