indicator,K,delta_K,r,delta_r,I0,delta_I0
checked_in,93.96344777649576,17.962858519289778,0.3316594225719114,0.024084898078613404,0.058618986036272504,0.058618986036272504
intensive_care,248299.97184405953,1901039855.7801983,0.3099133689351496,0.05081651785456406,0.011143666653797221,0.011143666653797221
total_admitted,119.83944076340205,22.329532394610755,0.3380520117080891,0.022345490537142052,0.05957806116368969,0.05957806116368969
home_isolation,98.45328740412471,35.419247648807264,0.44923286893880765,0.08397222564241133,0.006681663028478289,0.006681663028478289
currently_positive,226.68235466909292,42.333450183740325,0.3816117494783139,0.028455072797069457,0.04943687917378462,0.04943687917378462
new_positives,49.74905101689967,67.71151111666482,0.3183591714956938,0.16542107135826623,0.04200180473399873,0.04200180473399873
recovered,1.2931554672853827,0.17056666762553105,0.9977145467432613,0.7506955682306039,3.7044697696296637e-06,3.7044697696296637e-06
deceased,1.372033024576806,0.4152951288489414,0.8858211511260256,0.13708677106648906,2.3331629605526342e-08,2.3331629605526342e-08
