indicator,K,delta_K,r,delta_r,I0,delta_I0
checked_in,599999.9999268372,368713847435.37787,0.1567234381786263,0.2080955355379204,0.08062059625673132,0.08062059625673132
intensive_care,63920.03797375759,1439092594.0464563,0.22758918134392706,0.10388519383595078,0.016907741838491336,0.016907741838491336
total_admitted,599999.9999214725,72191047757.28645,0.20257012497476073,0.1079300364734845,0.06050312333506222,0.06050312333506222
home_isolation,15.380504029773249,2.5756642557262253,0.2946583673383527,0.04315087232960785,0.06989758059313926,0.06989758059313926
currently_positive,92531.38979134017,231091049.82182598,0.1772474043365874,0.04387767064541161,0.3647857675384511,0.3647857675384511
new_positives,599998.9003046829,3.0836845967773026e-12,0.9999999999999999,0.287045905122058,2.1486436156090343e-09,2.1486436156090343e-09
recovered,0.005767120581892218,26947105.827124808,1.5107284411110474e-08,0.14026377278735705,1.1100869662430754e-05,1.1100869662430754e-05
deceased,0.005767120581892218,26947105.827124808,1.5107284411110474e-08,0.14026377278735705,1.1100869662430754e-05,1.1100869662430754e-05
