indicator,K,delta_K,r,delta_r,I0,delta_I0
checked_in,8612.560344597878,569.5172727646626,0.2532396392583842,0.01557386448775035,107.82289068929374,107.82289068929374
intensive_care,1055.7197274065413,43.38411859612442,0.2272860097828469,0.010283982814652131,30.454394399182707,30.454394399182707
total_admitted,9712.379291921801,572.5705378999558,0.24821422495502551,0.01368962045131414,136.9750315875611,136.9750315875611
home_isolation,5882.052980180355,1075.8897466267108,0.34086421753848367,0.05581736826078978,9.915300836505214,9.915300836505214
currently_positive,18287.28618784322,1043.795220909503,0.23918277056861417,0.008945732723254907,183.52445714294672,183.52445714294672
new_positives,1188.5010537462476,265.27374556636033,0.30771815119859297,0.1437243581967072,24.01006100113864,24.01006100113864
recovered,6867.731594946606,2495.232676514215,0.21788125276477752,0.020753264480333575,34.357965758309554,34.357965758309554
deceased,2523.804654499977,210.70343237074587,0.3031659814973033,0.01574707188811133,5.701564034941359,5.701564034941359
