indicator,K,delta_K,r,delta_r,I0,delta_I0
checked_in,1368.4421458906918,3768.2217616487883,0.22897828316703842,0.021844480801827472,0.6131443495484193,0.6131443495484193
intensive_care,50.047637061568665,8.245704001300933,0.5202845084960427,0.04308111530761828,0.0006671268548703362,0.0006671268548703362
total_admitted,1402.5048454226912,2094.0292042942247,0.25884240223467386,0.01761126144166209,0.42868113240724315,0.42868113240724315
home_isolation,128.95780070026777,5.8103024897138855,0.37998826522358486,0.026868654131423444,0.2592673833616385,0.2592673833616385
currently_positive,340.9421316112375,23.572296559155202,0.29935508332243826,0.01393750788289334,0.9388991704659613,0.9388991704659613
new_positives,27.660198983465037,5.932792134358483,0.3672987917830389,0.157272646004116,0.13300147735055248,0.13300147735055248
recovered,599999.999999967,48777903200.69644,0.14086643669226892,0.07408723747619743,0.34112371062065566,0.34112371062065566
deceased,2.435834369234781,0.20586236717930584,0.9999910679116184,0.22862196060282014,1.130063489738162e-07,1.130063489738162e-07
