indicator,K,delta_K,r,delta_r,I0,delta_I0
checked_in,410.1424469338734,54.99046315043,0.39729781825166566,0.04648587871884699,0.18821271516938462,0.18821271516938462
intensive_care,104.26785571598175,7.924819053160671,0.3725400604965501,0.02952566203025765,0.11177647824686744,0.11177647824686744
total_admitted,527.3105865689664,59.09797406355138,0.38066570235251557,0.03645444516116158,0.33930616629674515,0.33930616629674515
home_isolation,674.7630330772137,395.9167791443586,0.3233688009812458,0.05900496620830259,0.3965683252450344,0.3965683252450344
currently_positive,1038.2316802742198,87.20656150354765,0.35847311118876946,0.019103196165502268,0.7024641859673214,0.7024641859673214
new_positives,96.48368192131667,9.730512952089247,0.5053826560477809,0.11800059816012011,0.03240090613944215,0.03240090613944215
recovered,432823.6613336058,2432564848.6791377,0.23013084278439075,0.09054441408791736,0.37371788746670986,0.37371788746670986
deceased,363.7235309162093,364.4065371996225,0.3303498006918577,0.03360322345373826,0.052342867085740104,0.052342867085740104
