indicator,K,delta_K,r,delta_r,I0,delta_I0
checked_in,123.78176699400022,13.430302806010525,0.5485869971410796,0.08695421782675417,0.004908886398682167,0.004908886398682167
intensive_care,38.12334118553886,15.403286078207778,0.34742631001680113,0.06730382804754569,0.022529643902274455,0.022529643902274455
total_admitted,154.75192523408617,15.351384888598608,0.49743616349514097,0.060740450599572234,0.013716193378878212,0.013716193378878212
home_isolation,270.5105776274207,15.429174522065514,0.39909915125941536,0.03243053547584736,0.2884064824720246,0.2884064824720246
currently_positive,433.6698084688405,29.24616024359076,0.4079479021732697,0.03443028277185929,0.29337509090840413,0.29337509090840413
new_positives,35.90880187813061,8.445554728636369,0.6528782855600724,0.6262105731051226,0.006692273046850596,0.006692273046850596
recovered,19.135870423328047,1.3811868321480454,0.5479512000434691,0.08821419363028786,0.0022079182365735807,0.0022079182365735807
deceased,166.35464505116101,207.9326644424134,0.3370436100373267,0.04520603473291774,0.02188248523980294,0.02188248523980294
