indicator,K,delta_K,r,delta_r,I0,delta_I0
checked_in,438261.6306564366,518907665.6134578,0.17689961812898958,0.030210470362167344,2.533330611396373,2.533330611396373
intensive_care,25.53144202481574,2.1411644738222404,0.4630301799088501,0.07110234755050962,0.011495607508106735,0.011495607508106735
total_admitted,316.03289256313883,123.295378331417,0.23217506044943684,0.031290923540442175,1.6015080162089441,1.6015080162089441
home_isolation,1750.819543891361,1482.727008532331,0.19981480843882204,0.015319294409683475,4.050085155683455,4.050085155683455
currently_positive,1615.3766250566237,626.4560208726209,0.20912489049195265,0.013210204611233073,5.725549971657275,5.725549971657275
new_positives,1598.7826917615857,30887.45008457676,0.1698096296914166,0.07187697817391762,1.6613123652522463,1.6613123652522463
recovered,334987.9754652122,2827726764.044474,0.29088338914047207,0.13200206511535803,0.057595507435113706,0.057595507435113706
deceased,358247.008372583,9485407616.264502,0.3100589671319556,0.1330161081142392,0.012120732824404745,0.012120732824404745
