indicator,K,delta_K,r,delta_r,I0,delta_I0
checked_in,846.4671480424645,80.35122851711102,0.32666722180354996,0.025001004574215935,1.6601086207341977,1.6601086207341977
intensive_care,125.58835633473522,4.001740316584151,0.31360354840913274,0.014494480356368416,0.9361241142178148,0.9361241142178148
total_admitted,996.8908301624666,77.6702504679447,0.3080809628383927,0.0194952476405488,2.992282591330929,2.992282591330929
home_isolation,1416.4577758442117,378.6371083292711,0.26381628051891937,0.02269920263110298,3.2664076952451757,3.2664076952451757
currently_positive,2159.5190339221244,176.85843823677428,0.28637368425548926,0.013536387446933005,6.384579875376011,6.384579875376011
new_positives,163.46466009126195,30.81718173127109,0.3611004025017389,0.12819902802360583,0.7738285276774224,0.7738285276774224
recovered,0.005767120581892218,26947105.827124808,1.5107284411110474e-08,0.14026377278735705,1.1100869662430754e-05,1.1100869662430754e-05
deceased,209.32071194942344,32.09471988523074,0.2878092640925288,0.009940596875800577,0.18617779928865005,0.18617779928865005
