indicator,K,delta_K,r,delta_r,I0,delta_I0
checked_in,328063.46502016846,543719925.4426515,0.27056523473132554,0.0511039952962418,0.18780444044777775,0.18780444044777775
intensive_care,17.177809074965985,8.49993191866986,0.4061379279050845,0.1294863194331171,0.004100249356198144,0.004100249356198144
total_admitted,780.6104445862579,1607.8611555168782,0.2853586729645593,0.035241771942679766,0.175714426822653,0.175714426822653
home_isolation,205.00490554501113,11.795045008405033,0.6162334275299581,0.06623924407787898,0.003150260495303807,0.003150260495303807
currently_positive,334.9806322901948,22.102097501661685,0.49307398538103675,0.03750524570002382,0.028994414328688933,0.028994414328688933
new_positives,36.98682419777718,3.2870361106851624,0.9999999999998104,0.43263378555655907,1.3640419059096346e-05,1.3640419059096346e-05
recovered,599996.3106935188,2.604197232082904e-13,0.9999999999999999,0.20772447628154003,2.5145500905320884e-10,2.5145500905320884e-10
deceased,9.550990719157651,0.6451098571885907,0.7448450769892074,0.06092648781039825,3.3106926966510423e-06,3.3106926966510423e-06
