indicator,K,delta_K,r,delta_r,I0,delta_I0
checked_in,599999.9856278123,718824180.8677974,0.1830990520076024,0.05231540158890652,5.003104765949474,5.003104765949474
intensive_care,154.52013270266823,15.377577897867905,0.4445818925138976,0.05740000900224112,0.04939015067815165,0.04939015067815165
total_admitted,599999.9746878562,310900583.8472743,0.1959118172909279,0.037350867856644376,5.816472486984335,5.816472486984335
home_isolation,809.0860443742439,93.53630724664514,0.39427287329019073,0.03852532811223707,0.37762510469352073,0.37762510469352073
currently_positive,2085.323888578395,303.81070594587874,0.2858169295775412,0.016214448672511605,3.7252907637824055,3.7252907637824055
new_positives,241.10674524608402,141.532887533701,0.27199492574714956,0.10475279309320373,1.1747885155881097,1.1747885155881097
recovered,11.532915903863087,0.5493134601804944,0.7614028305355844,0.1177393482739993,4.709024566696446e-05,4.709024566696446e-05
deceased,347557.11760638584,2344378279.1437902,0.34551114680980455,0.06322125392047862,0.008972306384560588,0.008972306384560588
