indicator,K,delta_K,r,delta_r,I0,delta_I0
checked_in,599999.924639614,5624856084.43221,0.2539388367408388,0.07891004352669709,0.1445169678625831,0.1445169678625831
intensive_care,536922.948124086,1.0936883537939406e-12,0.884348586833907,0.20438993331149954,1.2182968509591108e-08,1.2182968509591108e-08
total_admitted,599999.999991745,4869507914.311102,0.2720936387633065,0.07868424113740269,0.10379804666198938,0.10379804666198938
home_isolation,127.17241717781116,32.53608092463941,0.3622482091225268,0.051866339542885956,0.06641449273789836,0.06641449273789836
currently_positive,382.61455622507896,260.84391919465014,0.2982208531068985,0.042101649473691244,0.24527806388551313,0.24527806388551313
new_positives,27.967400681108963,27.928492571106197,0.3557881176407001,0.29832034535818175,0.030510019227683084,0.030510019227683084
recovered,0.005767120581892218,26947105.827124808,1.5107284411110474e-08,0.14026377278735705,1.1100869662430754e-05,1.1100869662430754e-05
deceased,2.680647297034093,0.7059295835890116,0.9316408061665413,0.12079328168025592,1.9244324123590522e-08,1.9244324123590522e-08
