indicator,K,delta_K,r,delta_r,I0,delta_I0
checked_in,599999.9998105535,70546644.46753909,0.24846722108497857,0.03377555167072629,5.697037929339955,5.697037929339955
intensive_care,272.35598263910083,18.70795092776078,0.32376950697061524,0.020310675805937473,0.6942580052633511,0.6942580052633511
total_admitted,599999.9999996109,51449846.277454495,0.2337356951510605,0.026872273017893585,9.165898064677407,9.165898064677407
home_isolation,1488.8080522140024,4038.9204248141764,0.13931540693513722,0.026115163621961694,9.65589580333741,9.65589580333741
currently_positive,599999.9999932067,40413088.80432314,0.21745661534184305,0.021776382877971373,14.590779635723393,14.590779635723393
new_positives,599999.9646668837,1100546672.17467,0.25147428742197403,0.1503630925454587,1.5017307122092325,1.5017307122092325
recovered,0.005767120581892218,26947105.827124808,1.5107284411110474e-08,0.14026377278735705,1.1100869662430754e-05,1.1100869662430754e-05
deceased,266.58417834334574,31.770816283948164,0.4129801023442394,0.020940094166996354,0.031309210960777226,0.031309210960777226
