indicator,K,delta_K,r,delta_r,I0,delta_I0
checked_in,21968.861343880173,2457.7584865262356,0.22308268901382464,0.012220493689388389,211.09551621177926,211.09551621177926
intensive_care,3113.426089600867,146.48585559822814,0.22447148072984904,0.006737278140894658,41.48228253222016,41.48228253222016
total_admitted,24922.189961081796,2408.17011460372,0.22334248001595394,0.011036256856214312,252.08658037033885,252.08658037033885
home_isolation,22006.5883508848,4444.096954955396,0.2565938246464772,0.022423961431151128,86.03521373598564,86.03521373598564
currently_positive,51571.536412508496,2995.678154230054,0.2259954695707226,0.0053422316173420345,366.78897871690583,366.78897871690583
new_positives,3724.236311600921,800.5072452027027,0.2467515448933872,0.055766565717398894,65.73768467753241,65.73768467753241
recovered,7741.211493943057,2242.30344285714,0.2246524249727123,0.01811255981591881,35.77259841916869,35.77259841916869
deceased,4496.15293026857,298.7963154913318,0.2959374061690692,0.009416895323133815,8.356726771035861,8.356726771035861
