indicator,K,delta_K,r,delta_r,I0,delta_I0
checked_in,948.5936564551442,396.30730538324207,0.28776312950972205,0.027881045609994028,0.8732243866966732,0.8732243866966732
intensive_care,75.93388779873486,26.207567423568644,0.2420526250446838,0.03686280259217213,0.41999282369164187,0.41999282369164187
total_admitted,1210.0276565240288,496.50138709151645,0.2687088912655956,0.021753301740398773,1.4161901334291935,1.4161901334291935
home_isolation,323.3775845226924,41.75392528486159,0.3462230016891507,0.025591653892508455,0.2490844219239239,0.2490844219239239
currently_positive,1315.2443718210743,292.86475144741695,0.2940975962325046,0.020811521639772245,1.5226572942612582,1.5226572942612582
new_positives,80.2063470168291,5.249177853682018,0.9999999999998553,0.257823365847052,5.1648069773493845e-06,5.1648069773493845e-06
recovered,37.84695916058335,5.470626800441335,0.3969204025046548,0.08017440658257448,0.04071753412420931,0.04071753412420931
deceased,36.33115423573782,5.3053664157576765,0.3335314125218176,0.02862202992916072,0.038510132404960935,0.038510132404960935
